category,item,model,quantity,status,notes
platform,RC카 키트,RC카 키트,1,조립완료,차종 및 수신기/모터 제어기 모델 확인 필요
interface,MB102 브레드보드 빵판 800핀,MB102 800핀,1,목록확정,저전류 신호 프로토타입용; 모터 전류 연결 금지
interface,아두이노 40핀 암암 점퍼케이블 30cm 듀폰케이블 (암/암),40핀 30cm 암-암,1세트,목록확정,40핀은 제품 세트 표기; 실물 수량/접촉 상태 확인
interface,아두이노 40핀 암수 점퍼케이블 30cm 듀폰케이블 암/수,40핀 30cm 암-수,1세트,목록확정,40핀은 제품 세트 표기; 실물 수량/접촉 상태 확인
controller,정품 STM STM32F407G-DISC1 개발보드 아두이노,STM32F407G-DISC1,1,목록확정,STM32 주 제어기; 보드 실크/MCU 마킹 및 실제 보유 여부 확인
communication,adum20 직렬 포트 디지털 can 절연 spi 트랜모듈 자기버스절연체 short board,ADuM20 (판매명 표기),2,보유 수량 확인됨,정확한 부품번호와 CAN 트랜시버 포함 여부/핀 기능/전압을 데이터시트로 확인
sensor,버튼 스위치,모델 미상,1,목록확정,NO/NC 접점과 눌림 논리 및 정격 확인
sensor,슬라이드 가변저항 10k 128mm dm3117,DM3117 10k 128mm,1,목록확정,양 끝단/와이퍼 핀 배치와 허용 입력 전압 확인
controller,sensor interface CAN node,미정,1,추가 필요 여부 확인,가변저항/버튼을 읽어 CAN 발행; 별도 노드가 있어야 현재 설명한 센서 CAN 입력이 성립
interface,RC카 CAN 수신/구동 경로,미정,1,확인 필요,RC카 측 CAN 지원과 실제 제동/전류 제어 경로 확인
power,전원 및 보호 부품,미정,미정,설계 필요,전압/전류/퓨즈/접지/보호는 데이터시트와 회로 검토 후 확정
